{
	
	"/{lang}":{
		"template":"frontend/bootstrap5/page/index",
		"description":"Trang chủ"
	},
	"/{lang}/gioi-thieu":{
		"template":"frontend/bootstrap5/page/singlepage/about",
		"description":"Trang giới thiệu, nội dung trong database"
	}
	,
	"/{lang}/gui-lien-he":{
		"template":"frontend/bootstrap5/page/contact/contact",
		"description":"Trang liên hệ"
	},
	"/{lang}/messages":{
		"template":"frontend/bootstrap5/page/messages/messages",
		"description":"Trang messages xuất thông báo"
	},
	"/{lang}/tim-kiem":{
		"template":"frontend/bootstrap5/page/search/search",
		"description":"Trang kết quả tìm kiếm"
	},
	"/{lang}/tim-kiem/loc":{
		"template":"frontend/bootstrap5/page/search/search",
		"description":"Trang kết quả tìm kiếm"
	},
	"/tim-kiem-ajax":{
		"template":"frontend/bootstrap5/fragment/products",
		"description":"Trang lấy thêm kết quả tìm kiếm"
	},
	"/{lang}/cart":{
		"template":"frontend/bootstrap5/page/cart/cart",
		"description":"Trang Nội dung giỏ hàng"
	},
	"/{lang}/khach-hang-mua-ngay":{
		"template":"frontend/bootstrap5/page/cart/buynow",
		"description":"Trang Nội dung giỏ hàng có 1 sản phẩm và khách hàng đã chọn để đưa vào đơn hàng"
	},
	"/{lang}/order":{
		"template":"frontend/bootstrap5/page/order/order",
		"description":"Trang Nội dung đơn hàng"
	},
	"/{lang}/nhom-hang/{id}":{
		"template":"frontend/bootstrap5/page/product/category",
		"description":"Danh sách hàng hóa của nhóm hàng có id"
	},
	"/{lang}/sap-xep-san-pham/{orderby}":{
		"template":"frontend/bootstrap5/page/product/orderby",
		"description":"Sắp xếp sản phẩm"
	},
	"/{lang}/nha-san-xuat/{id}":{
		"template":"frontend/bootstrap5/page/product/producer",
		"description":"Danh sách hàng hóa chung nhà sản xuất có id"
	},
	"/{lang}/danh-sach-nhom-hang":{
		"template":"frontend/bootstrap5/fragment/category",
		"description":"Block nhóm hàng có hình ảnh"
	},
	"/danh-sach-hang-hoa-ajax":{
		"template":"frontend/bootstrap5/fragment/products",
		"description":"Block hàng hóa nhóm hàng có hình ảnh"
	},
	"/{lang}/san-pham-da-xem":{
		"template":"frontend/bootstrap5/page/product/viewedproducts",
		"description":"Danh sách sản phẩm đã xem"
	},
	"/danh-sach-trang-ajax":{
		"template":"frontend/bootstrap5/fragment/pages",
		"description":"Block những post nhóm hàng có hình ảnh"
	},
	"/{lang}/blog/{path}":{
		"template":"frontend/bootstrap5/page/blog/list",
		"description":"Danh sách post của 1 blog có path"
	},
	"/{lang}/{folder}/{alias}/xem-truoc":{
		"template":"frontend/bootstrap5/page/singlepage/preview-richpage",
		"description":"Danh sách post của 1 blog có path"
	},
	"/{lang}/product":{
		"template":"frontend/bootstrap5/page/product/product",
		"description":"Chi tiết sản phẩm"
	},
	"/{lang}/preview-product":{
		"template":"frontend/bootstrap5/page/product/preview-product",
		"description":"Chi tiết xem trước nếu chưa public sản phẩm"
	},
	"/{lang}/{folder}/{alias}":{
		"template":"frontend/bootstrap5/page/singlepage/richpage",
		"description":"Chi tiết 1 bài viết"
	},
	"/{lang}/save-order":{
		"template":"frontend/bootstrap5/page/order/order-success",
		"description":"Thông báo đặt hàng thành công"
	},
	"/{lang}/thong-tin-khach-hang":{
		"template":"frontend/bootstrap5/page/customer/info",
		"description":"Thông tin chi tiết khách hàng, cập nhật địa chỉ"
	},
	"/{lang}/khach-hang-dang-ki":{
		"template":"frontend/bootstrap5/page/customer/register",
		"description":"Đăng kí thành viên cho khách hàng"
	},
	"/{lang}/khach-hang-dang-nhap":{
		"template":"frontend/bootstrap5/page/customer/login",
		"description":"Đăng nhập  cho khách hàng"
	},
	"/{lang}/khach-hang-quen-mat-khau":{
		"template":"frontend/bootstrap5/page/customer/fillemail",
		"description":"Nhập email khôi phục khi đăng kí thành viên"
	},
	"/{lang}/khach-hang-mat-khau-moi":{
		"template":"frontend/bootstrap5/page/customer/newpassword",
		"description":"Nhập mật khẩu mới"
	},
	"/{lang}/khach-hang-don-hang":{
		"template":"frontend/bootstrap5/page/customer/filter-order",
		"description":"Xem danh sách đơn hàng"
	},
	"/{lang}/khach-hang-don-hang/chi-tiet":{
		"template":"frontend/bootstrap5/page/customer/order-detail",
		"description":"Xem chi tiết đơn hàng"
	},
	"/{lang}/khach-hang-tich-diem":{
		"template":"frontend/bootstrap5/page/customer/points",
		"description":"Xem Lịch sử tích điểm"
	},
	"/{lang}/khach-hang-tich-diem-ajax":{
		"template":"frontend/bootstrap5/fragment/customer/pointsrow",
		"description":"Xem Lịch sử tích điểm"
	},
	"/{lang}/khach-hang-dung-diem":{
		"template":"frontend/bootstrap5/page/customer/usepoints",
		"description":"Xem Lịch sử dùng điểm"
	},
	"/{lang}/khach-hang-dung-diem-ajax":{
		"template":"frontend/bootstrap5/fragment/customer/usepointsrow",
		"description":"Xem 1 dòng dùng điểm"
	},
	"order-list-item.html":{
		"template":"frontend/bootstrap5/page/customer/order-list-item",
		"description":"Xem danh sách đơn hàng"
	},
	"/{lang}/danh-gia-san-pham/loc":{
		"template":"frontend/bootstrap5/fragment/rateitem",
		"description":"Danh sách đánh giá hàng hóa"
	},
	"404":{
		"template":"frontend/bootstrap5/page/error/404",
		"description":"Not Found"
	}
	
}
